{"0":-0.04653318598866463,"1":0.11100322753190994,"2":0.06313998252153397,"3":-0.02009674347937107,"4":-0.09026677906513214,"5":-0.05738923326134682,"6":-0.0875055193901062,"7":-0.09191373735666275,"8":0.12432689219713211,"9":-0.06311337649822235,"10":0.21714387834072113,"11":-0.05769028514623642,"12":-0.1748589277267456,"13":-0.1443847268819809,"14":-0.015055259689688683,"15":0.19298329949378967,"16":-0.1899000108242035,"17":-0.14471952617168427,"18":-0.05086343735456467,"19":-0.044337086379528046,"20":0.040849700570106506,"21":-0.008276809938251972,"22":0.07043004035949707,"23":0.05404120311141014,"24":-0.1508464515209198,"25":-0.37782466411590576,"26":-0.07178374379873276,"27":-0.041940778493881226,"28":0.09320953488349915,"29":-0.04419459402561188,"30":-0.0870903953909874,"31":0.05975630134344101,"32":-0.22783005237579346,"33":-0.08732319623231888,"34":0.01613531820476055,"35":0.10757935047149658,"36":0.022153327241539955,"37":-0.0638311505317688,"38":0.20959728956222534,"39":0.02819623425602913,"40":-0.22950667142868042,"41":0.05112689360976219,"42":-0.002583760768175125,"43":0.25982174277305603,"44":0.22555187344551086,"45":0.05942416936159134,"46":0.08750289678573608,"47":-0.13086707890033722,"48":0.10840095579624176,"49":-0.12412229180335999,"50":0.0460672527551651,"51":0.1939457207918167,"52":0.05459228903055191,"53":0.036984801292419434,"54":-0.06725325435400009,"55":-0.11800500750541687,"56":0.004831366240978241,"57":0.1442929208278656,"58":-0.1139349564909935,"59":-0.013280697166919708,"60":0.055837232619524,"61":-0.07136266678571701,"62":-0.003435735125094652,"63":-0.0697576254606247,"64":0.24367579817771912,"65":0.04302328824996948,"66":-0.09226932376623154,"67":-0.18710017204284668,"68":0.13349264860153198,"69":-0.13018931448459625,"70":-0.08511326462030411,"71":0.01162920892238617,"72":-0.16357913613319397,"73":-0.10586068034172058,"74":-0.39329448342323303,"75":0.04927128925919533,"76":0.4036955237388611,"77":0.03059137985110283,"78":-0.21061937510967255,"79":0.08140739798545837,"80":-0.04887360706925392,"81":-0.007842304185032845,"82":0.11883986741304398,"83":0.20354554057121277,"84":-0.06412314623594284,"85":0.01904228888452053,"86":-0.08489162474870682,"87":0.005213797092437744,"88":0.23171640932559967,"89":-0.05872328206896782,"90":-0.017729774117469788,"91":0.16995185613632202,"92":0.011175311170518398,"93":0.09781704843044281,"94":0.04092683270573616,"95":0.043419014662504196,"96":-0.09405367076396942,"97":0.08697259426116943,"98":-0.08313114941120148,"99":0.02321016415953636,"100":0.08299708366394043,"101":-0.03687993064522743,"102":0.024390896782279015,"103":0.14663439989089966,"104":-0.1742323487997055,"105":0.11754488199949265,"106":-0.004127193242311478,"107":0.026743190363049507,"108":0.07971897721290588,"109":0.03365926072001457,"110":-0.07456979900598526,"111":-0.1631351113319397,"112":0.13184413313865662,"113":-0.208364799618721,"114":0.19022955000400543,"115":0.24142560362815857,"116":0.03704110532999039,"117":0.13118386268615723,"118":0.15641137957572937,"119":0.16406776010990143,"120":-0.002437865361571312,"121":0.06891419738531113,"122":-0.17046789824962616,"123":0.0060809580609202385,"124":0.0897715613245964,"125":-0.044345006346702576,"126":0.07666553556919098,"127":0.03732048347592354}